-- phpMyAdmin SQL Dump
-- version 2.10.3
-- http://www.phpmyadmin.net
-- 
-- Host: localhost
-- Generation Time: Mar 16, 2015 at 08:52 AM
-- Server version: 5.0.51
-- PHP Version: 5.2.6

SET SQL_MODE="NO_AUTO_VALUE_ON_ZERO";

-- 
-- Database: `fadil`
-- 

-- --------------------------------------------------------

-- 
-- Table structure for table `panasonic_jan_2015`
-- 

CREATE TABLE `panasonic_jan_2015` (
  `model` varchar(32) default NULL,
  `cash` varchar(13) default NULL
) ENGINE=MyISAM DEFAULT CHARSET=utf8;

-- 
-- Dumping data for table `panasonic_jan_2015`
-- 

INSERT INTO `panasonic_jan_2015` VALUES (' NA-W60BB4 A/G ', ' 1.357.000 ');
INSERT INTO `panasonic_jan_2015` VALUES (' NA-W70BB4 A/G ', ' 1.459.000 ');
INSERT INTO `panasonic_jan_2015` VALUES (' NA-W75BC1A/G/D ', ' 1.602.000 ');
INSERT INTO `panasonic_jan_2015` VALUES (' NA-W76FC2A/G/D ', ' 1.635.000 ');
INSERT INTO `panasonic_jan_2015` VALUES (' NA-W85BC1A/D/G ', ' 1.756.000 ');
INSERT INTO `panasonic_jan_2015` VALUES (' NA-W86BC2A/G/V ', ' 1.757.000 ');
INSERT INTO `panasonic_jan_2015` VALUES (' NA-W95FC1A/D/G ', ' 1.858.000 ');
INSERT INTO `panasonic_jan_2015` VALUES (' NA-W96FC2A/G/V ', ' 1.857.000 ');
INSERT INTO `panasonic_jan_2015` VALUES (' NA-F70B2HSG ', ' 2.430.000 ');
INSERT INTO `panasonic_jan_2015` VALUES (' NA-F90S3HSG ', ' 3.789.000 ');
INSERT INTO `panasonic_jan_2015` VALUES (' NA-F903BHSG ', ' 3.093.000 ');
INSERT INTO `panasonic_jan_2015` VALUES (' NA-F953BHSG ', ' 3.259.000 ');
INSERT INTO `panasonic_jan_2015` VALUES (' NA-F953HHSG ', ' 3.645.000 ');
INSERT INTO `panasonic_jan_2015` VALUES (' NA-F1003BHSG ', ' 3.866.000 ');
INSERT INTO `panasonic_jan_2015` VALUES (' NA-F1003HHSG ', ' 4.087.000 ');
INSERT INTO `panasonic_jan_2015` VALUES (' NA-F100G3LSG ', ' 5.965.000 ');
INSERT INTO `panasonic_jan_2015` VALUES (' NA-F1103GLSG ', ' 6.075.000 ');
INSERT INTO `panasonic_jan_2015` VALUES (' NA-140VS4WNE  ', ' 9.325.000 ');
INSERT INTO `panasonic_jan_2015` VALUES (' NA-148VG4WNE ', ' 8.227.000 ');
INSERT INTO `panasonic_jan_2015` VALUES (' NA-107VC4LNE ', ' 6.131.000 ');
INSERT INTO `panasonic_jan_2015` VALUES (' NA-140VX3WNE ', ' 9.334.000 ');
INSERT INTO `panasonic_jan_2015` VALUES (' NA-148VG3WNE ', ' 7.953.000 ');
INSERT INTO `panasonic_jan_2015` VALUES (' NA-107VC4WNE ', ' 6.075.000 ');
INSERT INTO `panasonic_jan_2015` VALUES (' NR-A178F-S  ', ' 1.632.000 ');
INSERT INTO `panasonic_jan_2015` VALUES (' NR-A172S-H1 ', ' 1.577.000 ');
INSERT INTO `panasonic_jan_2015` VALUES (' NR-A198G-A2/G1/P/H  ', ' 1.773.000 ');
INSERT INTO `panasonic_jan_2015` VALUES (' NR-A198F-A2/G1/P/S  ', ' 1.773.000 ');
INSERT INTO `panasonic_jan_2015` VALUES (' NR-AK5ED-HPP ', ' 1.483.000 ');
INSERT INTO `panasonic_jan_2015` VALUES (' NR-S16G-HT ', ' 2.929.000 ');
INSERT INTO `panasonic_jan_2015` VALUES (' NR-S17A-B ', ' 3.189.000 ');
INSERT INTO `panasonic_jan_2015` VALUES (' NR-B228F-A2/G1/P/S  ', ' 2.850.000 ');
INSERT INTO `panasonic_jan_2015` VALUES (' NR-B228G-A2/G/H/P  ', ' 2.795.000 ');
INSERT INTO `panasonic_jan_2015` VALUES (' NR-B268F-A2/G1/P/S  ', ' 3.118.000 ');
INSERT INTO `panasonic_jan_2015` VALUES (' NR-B268G-H/P/A2/G1 ', ' 3.057.000 ');
INSERT INTO `panasonic_jan_2015` VALUES (' NR-B268R-BT/TT  ', ' 2.822.000 ');
INSERT INTO `panasonic_jan_2015` VALUES (' NR-B348F-ST/N/K ', ' 4.700.000 ');
INSERT INTO `panasonic_jan_2015` VALUES (' NR-B208D-S  ', ' 1.965.000 ');
INSERT INTO `panasonic_jan_2015` VALUES (' KATEGORI  ', 'Cash/HSBC 6x');
INSERT INTO `panasonic_jan_2015` VALUES (' F-EK306-P2 ', '362.000 ');
INSERT INTO `panasonic_jan_2015` VALUES (' F-EP404-A2/D2/G2 ', '593.000 ');
INSERT INTO `panasonic_jan_2015` VALUES (' F-EP405-A2/D2/G2 ', '531.000 ');
INSERT INTO `panasonic_jan_2015` VALUES (' F-ER303-P2 ', '350.000 ');
INSERT INTO `panasonic_jan_2015` VALUES (' F-ES404-A2/D2/G2 ', '632.000 ');
INSERT INTO `panasonic_jan_2015` VALUES (' F-ET4014-H ', '749.000 ');
INSERT INTO `panasonic_jan_2015` VALUES (' F-400MI-W ', '749.000 ');
INSERT INTO `panasonic_jan_2015` VALUES (' F-EQ405-H ', '537.000 ');
INSERT INTO `panasonic_jan_2015` VALUES (' F-EU309-A2/D2/G2 ', '400.000 ');
INSERT INTO `panasonic_jan_2015` VALUES (' F-EU4007-H ', '537.000 ');
INSERT INTO `panasonic_jan_2015` VALUES (' F-EU409-A2/D2/G2 ', '432.000 ');
INSERT INTO `panasonic_jan_2015` VALUES (' F-EY1511-W ', '687.000 ');
INSERT INTO `panasonic_jan_2015` VALUES ('  FV-20TGU3-W ', '296.000 ');
INSERT INTO `panasonic_jan_2015` VALUES ('  FV-24CDUN ', '668.000 ');
INSERT INTO `panasonic_jan_2015` VALUES ('  FV-25RUN5-W ', '412.000 ');
INSERT INTO `panasonic_jan_2015` VALUES ('  FV-25TGU3-W ', '310.000 ');
INSERT INTO `panasonic_jan_2015` VALUES ('  FV-30RUN5-W ', '440.000 ');
INSERT INTO `panasonic_jan_2015` VALUES ('  FV-40AFU-W ', '712.000 ');
INSERT INTO `panasonic_jan_2015` VALUES (' FV-10EGK1ABN ', '462.000 ');
INSERT INTO `panasonic_jan_2015` VALUES (' FV-15EGK1ABN ', '587.000 ');
INSERT INTO `panasonic_jan_2015` VALUES (' FV-10EGS1ABN ', '418.000 ');
INSERT INTO `panasonic_jan_2015` VALUES (' FV-15EGS1ABN ', '549.000 ');
INSERT INTO `panasonic_jan_2015` VALUES (' FD-S03S1 ', '782.000 ');
INSERT INTO `panasonic_jan_2015` VALUES (' GA-130JACK-P ', '866.000 ');
INSERT INTO `panasonic_jan_2015` VALUES (' GA-130JAK-P ', '597.000 ');
INSERT INTO `panasonic_jan_2015` VALUES (' GA-200JAK-P ', '858.000 ');
INSERT INTO `panasonic_jan_2015` VALUES (' GF-205HCX-P ', '2.458.000 ');
INSERT INTO `panasonic_jan_2015` VALUES (' GF-255HCX-P ', '3.215.000 ');
INSERT INTO `panasonic_jan_2015` VALUES (' GN-130H-P ', '1.198.000 ');
INSERT INTO `panasonic_jan_2015` VALUES (' GN-205HX-P ', '1.513.000 ');
INSERT INTO `panasonic_jan_2015` VALUES (' GP-129JXK-P ', '416.000 ');
INSERT INTO `panasonic_jan_2015` VALUES (' GP-129KIT ', '149.000 ');
INSERT INTO `panasonic_jan_2015` VALUES (' GP-200JXK-P ', '662.000 ');
INSERT INTO `panasonic_jan_2015` VALUES (' NR-B53V1-X1D ', ' 33.278.000 ');
INSERT INTO `panasonic_jan_2015` VALUES (' NR-BW415VN1D ', ' 8.100.000 ');
INSERT INTO `panasonic_jan_2015` VALUES (' NR-BW465XS1D ', ' 9.235.000 ');
INSERT INTO `panasonic_jan_2015` VALUES (' NR-BY552XS1D ', ' 10.969.000 ');
INSERT INTO `panasonic_jan_2015` VALUES (' NR-BY602XS1D ', ' 12.176.000 ');
INSERT INTO `panasonic_jan_2015` VALUES (' NR-BS63XN1D ', ' 35.603.000 ');
INSERT INTO `panasonic_jan_2015` VALUES (' NR-D513XS4 ', ' 14.583.000 ');
INSERT INTO `panasonic_jan_2015` VALUES (' NR-BR344MS1D ', ' 6.603.000 ');
INSERT INTO `panasonic_jan_2015` VALUES (' NR-BR304MS1D ', ' 6.309.000 ');
INSERT INTO `panasonic_jan_2015` VALUES (' KATEGORI  ', 'Cash/HSBC 6x');
INSERT INTO `panasonic_jan_2015` VALUES (' SC-HC49GS-K/S/W ', ' 2.430.000 ');
INSERT INTO `panasonic_jan_2015` VALUES (' SC-HC29GS-K ', ' 1.389.000 ');
INSERT INTO `panasonic_jan_2015` VALUES (' SC-HC38GS-K/R/S/W ', ' 2.292.000 ');
INSERT INTO `panasonic_jan_2015` VALUES (' SC-HC28GS-K ', ' 1.519.000 ');
INSERT INTO `panasonic_jan_2015` VALUES (' SC-CMAXGS-K ', ' 3.908.000 ');
INSERT INTO `panasonic_jan_2015` VALUES (' SC-MAX700GSK ', ' 8.064.000 ');
INSERT INTO `panasonic_jan_2015` VALUES (' SA-MAX700GSK ', ' 2.127.000 ');
INSERT INTO `panasonic_jan_2015` VALUES (' SB-MAX700GSK ', ' 5.937.000 ');
INSERT INTO `panasonic_jan_2015` VALUES (' SC-MAX200GSK ', ' 6.434.000 ');
INSERT INTO `panasonic_jan_2015` VALUES (' SA-MAX200GSK ', ' 2.099.000 ');
INSERT INTO `panasonic_jan_2015` VALUES (' SB-MAX200GSK ', ' 4.336.000 ');
INSERT INTO `panasonic_jan_2015` VALUES (' SC-MAX770GSK ', ' 9.553.000 ');
INSERT INTO `panasonic_jan_2015` VALUES (' SA-MAX770GSK ', ' 3.474.000 ');
INSERT INTO `panasonic_jan_2015` VALUES (' SB-MAX770GSK ', ' 6.079.000 ');
INSERT INTO `panasonic_jan_2015` VALUES (' SC-MAX370GSK ', ' 7.643.000 ');
INSERT INTO `panasonic_jan_2015` VALUES (' SA-MAX370GSK ', ' 2.867.000 ');
INSERT INTO `panasonic_jan_2015` VALUES (' SB-MAX370GSK ', ' 4.777.000 ');
INSERT INTO `panasonic_jan_2015` VALUES (' SC-BTT465GAK ', ' 5.037.000 ');
INSERT INTO `panasonic_jan_2015` VALUES (' SC-BTT400GAK ', ' 3.369.000 ');
INSERT INTO `panasonic_jan_2015` VALUES (' SC-BTT300GAK ', ' 2.651.000 ');
INSERT INTO `panasonic_jan_2015` VALUES (' SC-XH385GA-K ', ' 4.429.000 ');
INSERT INTO `panasonic_jan_2015` VALUES (' SC-XH370GA-K ', ' 3.894.000 ');
INSERT INTO `panasonic_jan_2015` VALUES (' SC-XH166 ', ' 2.475.000 ');
INSERT INTO `panasonic_jan_2015` VALUES (' SC-XH105GA-K ', ' 1.563.000 ');
INSERT INTO `panasonic_jan_2015` VALUES (' SC-XH160GA-K ', ' 2.458.000 ');
INSERT INTO `panasonic_jan_2015` VALUES (' SC-XH60GA-K ', ' 1.574.000 ');
INSERT INTO `panasonic_jan_2015` VALUES (' SC-BTT433GAK ', ' 3.821.000 ');
INSERT INTO `panasonic_jan_2015` VALUES (' SC-XH330LJ-K ', ' 2.569.000 ');
INSERT INTO `panasonic_jan_2015` VALUES (' SA-XH330LJ-K ', ' 1.354.000 ');
INSERT INTO `panasonic_jan_2015` VALUES (' SB-XH330LJ-K ', ' 1.215.000 ');
INSERT INTO `panasonic_jan_2015` VALUES (' SC-XH333LJ-K ', ' 2.605.000 ');
INSERT INTO `panasonic_jan_2015` VALUES (' EH-NA30VP415', ' 989.000 ');
INSERT INTO `panasonic_jan_2015` VALUES (' EH-NE11-V415 ', ' 387.000 ');
INSERT INTO `panasonic_jan_2015` VALUES (' EH-ND21-P415 ', ' 268.000 ');
INSERT INTO `panasonic_jan_2015` VALUES (' EH-ND11-A415/W415 ', ' 120.000 ');
INSERT INTO `panasonic_jan_2015` VALUES (' EH-ND12-P415 ', ' 159.000 ');
INSERT INTO `panasonic_jan_2015` VALUES (' EH-ND13-V415/K415 ', ' 206.000 ');
INSERT INTO `panasonic_jan_2015` VALUES (' EH-ND62VP415 ', ' 454.000 ');
INSERT INTO `panasonic_jan_2015` VALUES (' EH-ND61-K415 ', ' 379.000 ');
INSERT INTO `panasonic_jan_2015` VALUES (' TH-85AX900G ', '174.949.000 ');
INSERT INTO `panasonic_jan_2015` VALUES (' TH-65AX800G ', '52.923.000 ');
INSERT INTO `panasonic_jan_2015` VALUES (' TH-55AS800G ', '30.774.000 ');
INSERT INTO `panasonic_jan_2015` VALUES (' TH-60AS700G ', '26.547.000 ');
INSERT INTO `panasonic_jan_2015` VALUES (' TH-50AS700G ', '14.593.000 ');
INSERT INTO `panasonic_jan_2015` VALUES (' TH-42AS700G ', '10.263.000 ');
INSERT INTO `panasonic_jan_2015` VALUES (' TH-50AS630G ', '11.975.000 ');
INSERT INTO `panasonic_jan_2015` VALUES (' TH-42AS630G ', '6.732.000 ');
INSERT INTO `panasonic_jan_2015` VALUES (' TH-50AS610G ', '11.176.000 ');
INSERT INTO `panasonic_jan_2015` VALUES (' TH-42AS610G ', '6.258.000 ');
INSERT INTO `panasonic_jan_2015` VALUES (' TH-32AS610G ', '3.537.000 ');
INSERT INTO `panasonic_jan_2015` VALUES (' TH-60A430G ', '16.495.000 ');
INSERT INTO `panasonic_jan_2015` VALUES (' TH-L32SV6K ', '3.299.000 ');
INSERT INTO `panasonic_jan_2015` VALUES (' TH-50A410G ', '8.861.000 ');
INSERT INTO `panasonic_jan_2015` VALUES (' TH-42A410G ', '5.583.000 ');
INSERT INTO `panasonic_jan_2015` VALUES (' TH-32A410G ', '2.985.000 ');
INSERT INTO `panasonic_jan_2015` VALUES (' TH-42A400G ', '5.377.000 ');
INSERT INTO `panasonic_jan_2015` VALUES (' TH-40A400G ', '5.021.000 ');
INSERT INTO `panasonic_jan_2015` VALUES (' TH-32A400G ', '3.073.000 ');
INSERT INTO `panasonic_jan_2015` VALUES (' TH-40A403G ', '5.074.000 ');
INSERT INTO `panasonic_jan_2015` VALUES (' TH-32A403G ', '2.997.000 ');
INSERT INTO `panasonic_jan_2015` VALUES (' TH-32A402G ', '2.666.000 ');
INSERT INTO `panasonic_jan_2015` VALUES (' TH-24A402G ', '2.056.000 ');
INSERT INTO `panasonic_jan_2015` VALUES (' Active 3D Glasses ', '0 ');
INSERT INTO `panasonic_jan_2015` VALUES (' Passive 3D Glasses ', '0 ');
INSERT INTO `panasonic_jan_2015` VALUES (' Skype Camera ', '0 ');
INSERT INTO `panasonic_jan_2015` VALUES (' Touch Pen ', '0 ');
INSERT INTO `panasonic_jan_2015` VALUES (' ES-WU41-P451 ', '0 ');
INSERT INTO `panasonic_jan_2015` VALUES (' EH-SA31VP451 ', '1.233.000 ');
INSERT INTO `panasonic_jan_2015` VALUES (' EH-SA42VP451 ', '1.306.000 ');
INSERT INTO `panasonic_jan_2015` VALUES (' EH-SE60VP451 ', '0 ');
INSERT INTO `panasonic_jan_2015` VALUES (' ES-WC20-W451 ', '0 ');
INSERT INTO `panasonic_jan_2015` VALUES (' EH2513P615 ', '0 ');
INSERT INTO `panasonic_jan_2015` VALUES (' EH-HW17-K415/P415/W415 ', '0 ');
INSERT INTO `panasonic_jan_2015` VALUES (' EH-HW19-K415 ', '0 ');
INSERT INTO `panasonic_jan_2015` VALUES (' EH-HS95-K415 ', '1.309.000 ');
INSERT INTO `panasonic_jan_2015` VALUES (' EH-NA45-W415/RP415 ', '0 ');
INSERT INTO `panasonic_jan_2015` VALUES (' EH-KA42-V415 ', '0 ');
INSERT INTO `panasonic_jan_2015` VALUES (' EH-KA22-V415 ', '0 ');
INSERT INTO `panasonic_jan_2015` VALUES (' SR-TEG18HLSR/-M/-S ', '735.000 ');
INSERT INTO `panasonic_jan_2015` VALUES (' SR-TEG18MBSR/-M/-S ', '735.000 ');
INSERT INTO `panasonic_jan_2015` VALUES (' SR-DF181WSR ', '684.000 ');
INSERT INTO `panasonic_jan_2015` VALUES (' MX-GX1061WSR ', '384.000 ');
INSERT INTO `panasonic_jan_2015` VALUES (' MX-GX1011WSR ', '327.000 ');
INSERT INTO `panasonic_jan_2015` VALUES (' MX-GX1561WSR  ', '508.000 ');
INSERT INTO `panasonic_jan_2015` VALUES (' MX-GX1511WSR ', '426.000 ');
INSERT INTO `panasonic_jan_2015` VALUES (' MX-AC400WSR ', ' 1.216.000 ');
INSERT INTO `panasonic_jan_2015` VALUES (' MJ-68MWTC ', '825.000 ');
INSERT INTO `panasonic_jan_2015` VALUES (' MK-GH1WSR ', '358.000 ');
INSERT INTO `panasonic_jan_2015` VALUES (' MK-GB1WSR ', '502.000 ');
INSERT INTO `panasonic_jan_2015` VALUES (' NI-22AWTSR ', '302.000 ');
INSERT INTO `panasonic_jan_2015` VALUES (' NI-317TGSR/TRSR/TTSR ', '219.000 ');
INSERT INTO `panasonic_jan_2015` VALUES (' NI-E200TASR/TRSR ', '302.000 ');
INSERT INTO `panasonic_jan_2015` VALUES (' NI-V100NASR/SR ', '192.000 ');
INSERT INTO `panasonic_jan_2015` VALUES (' NN-CF770MTTE ', ' 4.310.000 ');
INSERT INTO `panasonic_jan_2015` VALUES (' NN-DF383BTTE ', ' 3.296.000 ');
INSERT INTO `panasonic_jan_2015` VALUES (' NN-GF560MTTE ', ' 2.353.000 ');
INSERT INTO `panasonic_jan_2015` VALUES (' NN-GD692STTE ', ' 2.120.000 ');
INSERT INTO `panasonic_jan_2015` VALUES (' NN-GD371MTTE ', ' 1.748.000 ');
INSERT INTO `panasonic_jan_2015` VALUES (' NN-GT353MTTE ', ' 1.523.000 ');
INSERT INTO `panasonic_jan_2015` VALUES (' NN-SF559WTTE ', ' 1.855.000 ');
INSERT INTO `panasonic_jan_2015` VALUES (' NN-ST651MTTE ', ' 1.684.000 ');
INSERT INTO `panasonic_jan_2015` VALUES (' NN-ST342MTTE ', ' 1.266.000 ');
INSERT INTO `panasonic_jan_2015` VALUES (' NN-ST324MTTE ', ' 1.375.000 ');
INSERT INTO `panasonic_jan_2015` VALUES (' NN-SM322MTTE ', ' 1.049.000 ');
INSERT INTO `panasonic_jan_2015` VALUES (' MC-CG300G546 ', '867.000 ');
INSERT INTO `panasonic_jan_2015` VALUES (' MC-CG300X546 ', '867.000 ');
INSERT INTO `panasonic_jan_2015` VALUES (' MC-CG301R546 ', '965.000 ');
INSERT INTO `panasonic_jan_2015` VALUES (' MC-CG331R546 ', ' 973.000 ');
INSERT INTO `panasonic_jan_2015` VALUES (' MC-CL481B586 ', ' 1.001.000 ');
INSERT INTO `panasonic_jan_2015` VALUES (' MC-CL300D546 ', ' 999.000 ');
INSERT INTO `panasonic_jan_2015` VALUES (' MC-CL431A546 ', ' 1.149.000 ');
INSERT INTO `panasonic_jan_2015` VALUES (' ES-RT30-S453 ', ' 880.000 ');
INSERT INTO `panasonic_jan_2015` VALUES (' ES-ST25K751 ', ' 1.238.000 ');
INSERT INTO `panasonic_jan_2015` VALUES (' ES-ST23-R751 ', ' 1.213.000 ');
INSERT INTO `panasonic_jan_2015` VALUES (' ES-SL41-R453 ', '854.000 ');
INSERT INTO `panasonic_jan_2015` VALUES (' ES4036S451 ', '670.000 ');
INSERT INTO `panasonic_jan_2015` VALUES (' ES534DP527 ', '80.000 ');
INSERT INTO `panasonic_jan_2015` VALUES (' ER2405K751 ', '837.000 ');
INSERT INTO `panasonic_jan_2015` VALUES (' ER2403K701 ', '419.000 ');
INSERT INTO `panasonic_jan_2015` VALUES (' ER240BP702 ', '335.000 ');
INSERT INTO `panasonic_jan_2015` VALUES (' ER115KP201 ', '122.000 ');
INSERT INTO `panasonic_jan_2015` VALUES (' EW-DS11-D/K/P/R/S401 ', '261.000 ');

-- --------------------------------------------------------

-- 
-- Table structure for table `tbl_barang`
-- 

CREATE TABLE `tbl_barang` (
  `id_barang` int(6) NOT NULL auto_increment,
  `nama_barang` varchar(15) NOT NULL,
  `harga_barang` varchar(15) NOT NULL,
  `tgl_barang_masuk` date NOT NULL,
  PRIMARY KEY  (`id_barang`)
) ENGINE=MyISAM  DEFAULT CHARSET=utf8 AUTO_INCREMENT=231 ;

-- 
-- Dumping data for table `tbl_barang`
-- 

INSERT INTO `tbl_barang` VALUES (1, 'NA-W60BB4 A/G ', ' 1.357.000 ', '2015-03-04');
INSERT INTO `tbl_barang` VALUES (2, 'NA-W70BB4 A/G ', ' 1.459.000 ', '2015-03-04');
INSERT INTO `tbl_barang` VALUES (3, 'NA-W75BC1A/G/D ', ' 1.602.000 ', '2015-03-04');
INSERT INTO `tbl_barang` VALUES (4, 'NA-W76FC2A/G/D ', ' 1.635.000 ', '2015-03-04');
INSERT INTO `tbl_barang` VALUES (5, 'NA-W85BC1A/D/G ', ' 1.756.000 ', '2015-03-04');
INSERT INTO `tbl_barang` VALUES (6, 'NA-W86BC2A/G/V ', ' 1.757.000 ', '2015-03-04');
INSERT INTO `tbl_barang` VALUES (7, 'NA-W95FC1A/D/G ', ' 1.858.000 ', '2015-03-04');
INSERT INTO `tbl_barang` VALUES (8, 'NA-W96FC2A/G/V ', ' 1.857.000 ', '2015-03-04');
INSERT INTO `tbl_barang` VALUES (9, 'NA-F70B2HSG ', ' 2.430.000 ', '2015-03-04');
INSERT INTO `tbl_barang` VALUES (10, 'NA-F90S3HSG ', ' 3.789.000 ', '2015-03-04');
INSERT INTO `tbl_barang` VALUES (11, 'NA-F903BHSG ', ' 3.093.000 ', '2015-03-04');
INSERT INTO `tbl_barang` VALUES (12, 'NA-F953BHSG ', ' 3.259.000 ', '2015-03-04');
INSERT INTO `tbl_barang` VALUES (13, 'NA-F953HHSG ', ' 3.645.000 ', '2015-03-04');
INSERT INTO `tbl_barang` VALUES (14, 'NA-F1003BHSG ', ' 3.866.000 ', '2015-03-04');
INSERT INTO `tbl_barang` VALUES (15, 'NA-F1003HHSG ', ' 4.087.000 ', '2015-03-04');
INSERT INTO `tbl_barang` VALUES (16, 'NA-F100G3LSG ', ' 5.965.000 ', '2015-03-04');
INSERT INTO `tbl_barang` VALUES (17, 'NA-F1103GLSG ', ' 6.075.000 ', '2015-03-04');
INSERT INTO `tbl_barang` VALUES (18, 'NA-140VS4WNE  ', ' 9.325.000 ', '2015-03-04');
INSERT INTO `tbl_barang` VALUES (19, 'NA-148VG4WNE ', ' 8.227.000 ', '2015-03-04');
INSERT INTO `tbl_barang` VALUES (20, 'NA-107VC4LNE ', ' 6.131.000 ', '2015-03-04');
INSERT INTO `tbl_barang` VALUES (21, 'NA-140VX3WNE ', ' 9.334.000 ', '2015-03-04');
INSERT INTO `tbl_barang` VALUES (22, 'NA-148VG3WNE ', ' 7.953.000 ', '2015-03-04');
INSERT INTO `tbl_barang` VALUES (23, 'NA-107VC4WNE ', ' 6.075.000 ', '2015-03-04');
INSERT INTO `tbl_barang` VALUES (24, 'NR-A178F-S  ', ' 1.632.000 ', '2015-03-04');
INSERT INTO `tbl_barang` VALUES (25, 'NR-A172S-H1 ', ' 1.577.000 ', '2015-03-04');
INSERT INTO `tbl_barang` VALUES (26, 'NR-A198G-A2/G1/', ' 1.773.000 ', '2015-03-04');
INSERT INTO `tbl_barang` VALUES (27, 'NR-A198F-A2/G1/', ' 1.773.000 ', '2015-03-04');
INSERT INTO `tbl_barang` VALUES (28, 'NR-AK5ED-HPP ', ' 1.483.000 ', '2015-03-04');
INSERT INTO `tbl_barang` VALUES (29, 'NR-S16G-HT ', ' 2.929.000 ', '2015-03-04');
INSERT INTO `tbl_barang` VALUES (30, 'NR-S17A-B ', ' 3.189.000 ', '2015-03-04');
INSERT INTO `tbl_barang` VALUES (31, 'NR-B228F-A2/G1/', ' 2.850.000 ', '2015-03-04');
INSERT INTO `tbl_barang` VALUES (32, 'NR-B228G-A2/G/H', ' 2.795.000 ', '2015-03-04');
INSERT INTO `tbl_barang` VALUES (33, 'NR-B268F-A2/G1/', ' 3.118.000 ', '2015-03-04');
INSERT INTO `tbl_barang` VALUES (34, 'NR-B268G-H/P/A2', ' 3.057.000 ', '2015-03-04');
INSERT INTO `tbl_barang` VALUES (35, 'NR-B268R-BT/TT ', ' 2.822.000 ', '2015-03-04');
INSERT INTO `tbl_barang` VALUES (36, 'NR-B348F-ST/N/K', ' 4.700.000 ', '2015-03-04');
INSERT INTO `tbl_barang` VALUES (37, 'NR-B208D-S  ', ' 1.965.000 ', '2015-03-04');
INSERT INTO `tbl_barang` VALUES (205, 'fadilr', '', '2015-03-07');
INSERT INTO `tbl_barang` VALUES (39, 'F-EK306-P2 ', '362.000 ', '2015-03-04');
INSERT INTO `tbl_barang` VALUES (40, 'F-EP404-A2/D2/G', '593.000 ', '2015-03-04');
INSERT INTO `tbl_barang` VALUES (41, 'F-EP405-A2/D2/G', '531.000 ', '2015-03-04');
INSERT INTO `tbl_barang` VALUES (42, 'F-ER303-P2 ', '350.000 ', '2015-03-04');
INSERT INTO `tbl_barang` VALUES (43, 'F-ES404-A2/D2/G', '632.000 ', '2015-03-04');
INSERT INTO `tbl_barang` VALUES (44, 'F-ET4014-H ', '749.000 ', '2015-03-04');
INSERT INTO `tbl_barang` VALUES (45, 'F-400MI-W ', '749.000 ', '2015-03-04');
INSERT INTO `tbl_barang` VALUES (46, 'F-EQ405-H ', '537.000 ', '2015-03-04');
INSERT INTO `tbl_barang` VALUES (47, 'F-EU309-A2/D2/G', '400.000 ', '2015-03-04');
INSERT INTO `tbl_barang` VALUES (48, 'F-EU4007-H ', '537.000 ', '2015-03-04');
INSERT INTO `tbl_barang` VALUES (49, 'F-EU409-A2/D2/G', '432.000 ', '2015-03-04');
INSERT INTO `tbl_barang` VALUES (50, 'F-EY1511-W ', '687.000 ', '2015-03-04');
INSERT INTO `tbl_barang` VALUES (52, ' FV-24CDUN ', '668.000 ', '2015-03-04');
INSERT INTO `tbl_barang` VALUES (53, ' FV-25RUN5-W ', '412.000 ', '2015-03-04');
INSERT INTO `tbl_barang` VALUES (54, ' FV-25TGU3-W ', '310.000 ', '2015-03-04');
INSERT INTO `tbl_barang` VALUES (55, ' FV-30RUN5-W ', '440.000 ', '2015-03-04');
INSERT INTO `tbl_barang` VALUES (56, ' FV-40AFU-W ', '712.000 ', '2015-03-04');
INSERT INTO `tbl_barang` VALUES (57, 'FV-10EGK1ABN ', '462.000 ', '2015-03-04');
INSERT INTO `tbl_barang` VALUES (58, 'FV-15EGK1ABN ', '587.000 ', '2015-03-04');
INSERT INTO `tbl_barang` VALUES (59, 'FV-10EGS1ABN ', '418.000 ', '2015-03-04');
INSERT INTO `tbl_barang` VALUES (60, 'FV-15EGS1ABN ', '549.000 ', '2015-03-04');
INSERT INTO `tbl_barang` VALUES (61, 'FD-S03S1 ', '782.000 ', '2015-03-04');
INSERT INTO `tbl_barang` VALUES (62, 'GA-130JACK-P ', '866.000 ', '2015-03-04');
INSERT INTO `tbl_barang` VALUES (63, 'GA-130JAK-P ', '597.000 ', '2015-03-04');
INSERT INTO `tbl_barang` VALUES (64, 'GA-200JAK-P ', '858.000 ', '2015-03-04');
INSERT INTO `tbl_barang` VALUES (65, 'GF-205HCX-P ', '2.458.000 ', '2015-03-04');
INSERT INTO `tbl_barang` VALUES (66, 'GF-255HCX-P ', '3.215.000 ', '2015-03-04');
INSERT INTO `tbl_barang` VALUES (67, 'GN-130H-P ', '1.198.000 ', '2015-03-04');
INSERT INTO `tbl_barang` VALUES (68, 'GN-205HX-P ', '1.513.000 ', '2015-03-04');
INSERT INTO `tbl_barang` VALUES (69, 'GP-129JXK-P ', '416.000 ', '2015-03-04');
INSERT INTO `tbl_barang` VALUES (70, 'GP-129KIT ', '149.000 ', '2015-03-04');
INSERT INTO `tbl_barang` VALUES (71, 'GP-200JXK-P ', '662.000 ', '2015-03-04');
INSERT INTO `tbl_barang` VALUES (72, 'NR-B53V1-X1D ', ' 33.278.000 ', '2015-03-04');
INSERT INTO `tbl_barang` VALUES (73, 'NR-BW415VN1D ', ' 8.100.000 ', '2015-03-04');
INSERT INTO `tbl_barang` VALUES (74, 'NR-BW465XS1D ', ' 9.235.000 ', '2015-03-04');
INSERT INTO `tbl_barang` VALUES (75, 'NR-BY552XS1D ', ' 10.969.000 ', '2015-03-04');
INSERT INTO `tbl_barang` VALUES (76, 'NR-BY602XS1D ', ' 12.176.000 ', '2015-03-04');
INSERT INTO `tbl_barang` VALUES (77, 'NR-BS63XN1D ', ' 35.603.000 ', '2015-03-04');
INSERT INTO `tbl_barang` VALUES (78, 'NR-D513XS4 ', ' 14.583.000 ', '2015-03-04');
INSERT INTO `tbl_barang` VALUES (79, 'NR-BR344MS1D ', ' 6.603.000 ', '2015-03-04');
INSERT INTO `tbl_barang` VALUES (80, 'NR-BR304MS1D ', ' 6.309.000 ', '2015-03-04');
INSERT INTO `tbl_barang` VALUES (82, 'SC-HC49GS-K/S/W', ' 2.430.000 ', '2015-03-04');
INSERT INTO `tbl_barang` VALUES (83, 'SC-HC29GS-K ', ' 1.389.000 ', '2015-03-04');
INSERT INTO `tbl_barang` VALUES (84, 'SC-HC38GS-K/R/S', ' 2.292.000 ', '2015-03-04');
INSERT INTO `tbl_barang` VALUES (85, 'SC-HC28GS-K ', ' 1.519.000 ', '2015-03-04');
INSERT INTO `tbl_barang` VALUES (86, 'SC-CMAXGS-K ', ' 3.908.000 ', '2015-03-04');
INSERT INTO `tbl_barang` VALUES (87, 'SC-MAX700GSK ', ' 8.064.000 ', '2015-03-04');
INSERT INTO `tbl_barang` VALUES (88, 'SA-MAX700GSK ', ' 2.127.000 ', '2015-03-04');
INSERT INTO `tbl_barang` VALUES (89, 'SB-MAX700GSK ', ' 5.937.000 ', '2015-03-04');
INSERT INTO `tbl_barang` VALUES (90, 'SC-MAX200GSK ', ' 6.434.000 ', '2015-03-04');
INSERT INTO `tbl_barang` VALUES (91, 'SA-MAX200GSK ', ' 2.099.000 ', '2015-03-04');
INSERT INTO `tbl_barang` VALUES (92, 'SB-MAX200GSK ', ' 4.336.000 ', '2015-03-04');
INSERT INTO `tbl_barang` VALUES (93, 'SC-MAX770GSK ', ' 9.553.000 ', '2015-03-04');
INSERT INTO `tbl_barang` VALUES (94, 'SA-MAX770GSK ', ' 3.474.000 ', '2015-03-04');
INSERT INTO `tbl_barang` VALUES (95, 'SB-MAX770GSK ', ' 6.079.000 ', '2015-03-04');
INSERT INTO `tbl_barang` VALUES (96, 'SC-MAX370GSK ', ' 7.643.000 ', '2015-03-04');
INSERT INTO `tbl_barang` VALUES (97, 'SA-MAX370GSK ', ' 2.867.000 ', '2015-03-04');
INSERT INTO `tbl_barang` VALUES (98, 'SB-MAX370GSK ', ' 4.777.000 ', '2015-03-04');
INSERT INTO `tbl_barang` VALUES (99, 'SC-BTT465GAK ', ' 5.037.000 ', '2015-03-04');
INSERT INTO `tbl_barang` VALUES (100, 'SC-BTT400GAK ', ' 3.369.000 ', '2015-03-04');
INSERT INTO `tbl_barang` VALUES (101, 'SC-BTT300GAK ', ' 2.651.000 ', '2015-03-04');
INSERT INTO `tbl_barang` VALUES (102, 'SC-XH385GA-K ', ' 4.429.000 ', '2015-03-04');
INSERT INTO `tbl_barang` VALUES (103, 'SC-XH370GA-K ', ' 3.894.000 ', '2015-03-04');
INSERT INTO `tbl_barang` VALUES (104, 'SC-XH166 ', ' 2.475.000 ', '2015-03-04');
INSERT INTO `tbl_barang` VALUES (105, 'SC-XH105GA-K ', ' 1.563.000 ', '2015-03-04');
INSERT INTO `tbl_barang` VALUES (106, 'SC-XH160GA-K ', ' 2.458.000 ', '2015-03-04');
INSERT INTO `tbl_barang` VALUES (107, 'SC-XH60GA-K ', ' 1.574.000 ', '2015-03-04');
INSERT INTO `tbl_barang` VALUES (108, 'SC-BTT433GAK ', ' 3.821.000 ', '2015-03-04');
INSERT INTO `tbl_barang` VALUES (109, 'SC-XH330LJ-K ', ' 2.569.000 ', '2015-03-04');
INSERT INTO `tbl_barang` VALUES (110, 'SA-XH330LJ-K ', ' 1.354.000 ', '2015-03-04');
INSERT INTO `tbl_barang` VALUES (111, 'SB-XH330LJ-K ', ' 1.215.000 ', '2015-03-04');
INSERT INTO `tbl_barang` VALUES (112, 'SC-XH333LJ-K ', ' 2.605.000 ', '2015-03-04');
INSERT INTO `tbl_barang` VALUES (113, 'EH-NA30VP415', ' 989.000 ', '2015-03-04');
INSERT INTO `tbl_barang` VALUES (114, 'EH-NE11-V415 ', ' 387.000 ', '2015-03-04');
INSERT INTO `tbl_barang` VALUES (115, 'EH-ND21-P415 ', ' 268.000 ', '2015-03-04');
INSERT INTO `tbl_barang` VALUES (116, 'EH-ND11-A415/W4', ' 120.000 ', '2015-03-04');
INSERT INTO `tbl_barang` VALUES (117, 'EH-ND12-P415 ', ' 159.000 ', '2015-03-04');
INSERT INTO `tbl_barang` VALUES (118, 'EH-ND13-V415/K4', ' 206.000 ', '2015-03-04');
INSERT INTO `tbl_barang` VALUES (119, 'EH-ND62VP415 ', ' 454.000 ', '2015-03-04');
INSERT INTO `tbl_barang` VALUES (120, 'EH-ND61-K415 ', ' 379.000 ', '2015-03-04');
INSERT INTO `tbl_barang` VALUES (121, 'TH-85AX900G ', '174.949.000 ', '2015-03-04');
INSERT INTO `tbl_barang` VALUES (122, 'TH-65AX800G ', '52.923.000 ', '2015-03-04');
INSERT INTO `tbl_barang` VALUES (123, 'TH-55AS800G ', '30.774.000 ', '2015-03-04');
INSERT INTO `tbl_barang` VALUES (124, 'TH-60AS700G ', '26.547.000 ', '2015-03-04');
INSERT INTO `tbl_barang` VALUES (125, 'TH-50AS700G ', '14.593.000 ', '2015-03-04');
INSERT INTO `tbl_barang` VALUES (126, 'TH-42AS700G ', '10.263.000 ', '2015-03-04');
INSERT INTO `tbl_barang` VALUES (127, 'TH-50AS630G ', '11.975.000 ', '2015-03-04');
INSERT INTO `tbl_barang` VALUES (128, 'TH-42AS630G ', '6.732.000 ', '2015-03-04');
INSERT INTO `tbl_barang` VALUES (129, 'TH-50AS610G ', '11.176.000 ', '2015-03-04');
INSERT INTO `tbl_barang` VALUES (130, 'TH-42AS610G ', '6.258.000 ', '2015-03-04');
INSERT INTO `tbl_barang` VALUES (131, 'TH-32AS610G ', '3.537.000 ', '2015-03-04');
INSERT INTO `tbl_barang` VALUES (132, 'TH-60A430G ', '16.495.000 ', '2015-03-04');
INSERT INTO `tbl_barang` VALUES (133, 'TH-L32SV6K ', '3.299.000 ', '2015-03-04');
INSERT INTO `tbl_barang` VALUES (134, 'TH-50A410G ', '8.861.000 ', '2015-03-04');
INSERT INTO `tbl_barang` VALUES (135, 'TH-42A410G ', '5.583.000 ', '2015-03-04');
INSERT INTO `tbl_barang` VALUES (136, 'TH-32A410G ', '2.985.000 ', '2015-03-04');
INSERT INTO `tbl_barang` VALUES (137, 'TH-42A400G ', '5.377.000 ', '2015-03-04');
INSERT INTO `tbl_barang` VALUES (138, 'TH-40A400G ', '5.021.000 ', '2015-03-04');
INSERT INTO `tbl_barang` VALUES (139, 'TH-32A400G ', '3.073.000 ', '2015-03-04');
INSERT INTO `tbl_barang` VALUES (140, 'TH-40A403G ', '5.074.000 ', '2015-03-04');
INSERT INTO `tbl_barang` VALUES (141, 'TH-32A403G ', '2.997.000 ', '2015-03-04');
INSERT INTO `tbl_barang` VALUES (142, 'TH-32A402G ', '2.666.000 ', '2015-03-04');
INSERT INTO `tbl_barang` VALUES (143, 'TH-24A402G ', '2.056.000 ', '2015-03-04');
INSERT INTO `tbl_barang` VALUES (144, 'Active 3D Glass', '-', '2015-03-04');
INSERT INTO `tbl_barang` VALUES (145, 'Passive 3D Glas', '0 ', '2015-03-04');
INSERT INTO `tbl_barang` VALUES (146, 'Skype Camera ', '0 ', '2015-03-04');
INSERT INTO `tbl_barang` VALUES (147, 'Touch Pen ', '0 ', '2015-03-04');
INSERT INTO `tbl_barang` VALUES (148, 'ES-WU41-P451 ', '0 ', '2015-03-04');
INSERT INTO `tbl_barang` VALUES (149, 'EH-SA31VP451 ', '1.233.000 ', '2015-03-04');
INSERT INTO `tbl_barang` VALUES (150, 'EH-SA42VP451 ', '1.306.000 ', '2015-03-04');
INSERT INTO `tbl_barang` VALUES (151, 'EH-SE60VP451 ', '0 ', '2015-03-04');
INSERT INTO `tbl_barang` VALUES (152, 'ES-WC20-W451 ', '0 ', '2015-03-04');
INSERT INTO `tbl_barang` VALUES (153, 'EH2513P615 ', '0 ', '2015-03-04');
INSERT INTO `tbl_barang` VALUES (154, 'EH-HW17-K415/P4', '0', '2015-03-04');
INSERT INTO `tbl_barang` VALUES (155, 'EH-HW19-K415', '0', '2015-03-04');
INSERT INTO `tbl_barang` VALUES (156, 'EH-HS95-K415', '1.309.000', '2015-03-04');
INSERT INTO `tbl_barang` VALUES (157, 'EH-NA45-W415/RP', '0 ', '2015-03-04');
INSERT INTO `tbl_barang` VALUES (158, 'EH-KA42-V415 ', '0 ', '2015-03-04');
INSERT INTO `tbl_barang` VALUES (159, 'EH-KA22-V415 ', '0 ', '2015-03-04');
INSERT INTO `tbl_barang` VALUES (160, 'SR-TEG18HLSR/-M', '735.000 ', '2015-03-04');
INSERT INTO `tbl_barang` VALUES (161, 'SR-TEG18MBSR/-M', '735.000 ', '2015-03-04');
INSERT INTO `tbl_barang` VALUES (162, 'SR-DF181WSR ', '684.000 ', '2015-03-04');
INSERT INTO `tbl_barang` VALUES (163, 'MX-GX1061WSR ', '384.000 ', '2015-03-04');
INSERT INTO `tbl_barang` VALUES (164, 'MX-GX1011WSR ', '327.000 ', '2015-03-04');
INSERT INTO `tbl_barang` VALUES (165, 'MX-GX1561WSR  ', '508.000 ', '2015-03-04');
INSERT INTO `tbl_barang` VALUES (166, 'MX-GX1511WSR ', '426.000 ', '2015-03-04');
INSERT INTO `tbl_barang` VALUES (167, 'MX-AC400WSR ', ' 1.216.000 ', '2015-03-04');
INSERT INTO `tbl_barang` VALUES (168, 'MJ-68MWTC ', '825.000 ', '2015-03-04');
INSERT INTO `tbl_barang` VALUES (169, 'MK-GH1WSR ', '358.000 ', '2015-03-04');
INSERT INTO `tbl_barang` VALUES (170, 'MK-GB1WSR ', '502.000 ', '2015-03-04');
INSERT INTO `tbl_barang` VALUES (171, 'NI-22AWTSR ', '302.000 ', '2015-03-04');
INSERT INTO `tbl_barang` VALUES (172, 'NI-317TGSR/TRSR', '219.000 ', '2015-03-04');
INSERT INTO `tbl_barang` VALUES (173, 'NI-E200TASR/TRS', '302.000 ', '2015-03-04');
INSERT INTO `tbl_barang` VALUES (174, 'NI-V100NASR/SR ', '192.000 ', '2015-03-04');
INSERT INTO `tbl_barang` VALUES (175, 'NN-CF770MTTE ', ' 4.310.000 ', '2015-03-04');
INSERT INTO `tbl_barang` VALUES (176, 'NN-DF383BTTE ', ' 3.296.000 ', '2015-03-04');
INSERT INTO `tbl_barang` VALUES (177, 'NN-GF560MTTE ', ' 2.353.000 ', '2015-03-04');
INSERT INTO `tbl_barang` VALUES (178, 'NN-GD692STTE ', ' 2.120.000 ', '2015-03-04');
INSERT INTO `tbl_barang` VALUES (179, 'NN-GD371MTTE ', ' 1.748.000 ', '2015-03-04');
INSERT INTO `tbl_barang` VALUES (180, 'NN-GT353MTTE ', ' 1.523.000 ', '2015-03-04');
INSERT INTO `tbl_barang` VALUES (181, 'NN-SF559WTTE ', ' 1.855.000 ', '2015-03-04');
INSERT INTO `tbl_barang` VALUES (182, 'NN-ST651MTTE ', ' 1.684.000 ', '2015-03-04');
INSERT INTO `tbl_barang` VALUES (183, 'NN-ST342MTTE ', ' 1.266.000 ', '2015-03-04');
INSERT INTO `tbl_barang` VALUES (184, 'NN-ST324MTTE ', ' 1.375.000 ', '2015-03-04');
INSERT INTO `tbl_barang` VALUES (185, 'NN-SM322MTTE ', ' 1.049.000 ', '2015-03-04');
INSERT INTO `tbl_barang` VALUES (186, 'MC-CG300G546 ', '867.000 ', '2015-03-04');
INSERT INTO `tbl_barang` VALUES (187, 'MC-CG300X546 ', '867.000 ', '2015-03-04');
INSERT INTO `tbl_barang` VALUES (188, 'MC-CG301R546 ', '965.000 ', '2015-03-04');
INSERT INTO `tbl_barang` VALUES (189, 'MC-CG331R546 ', ' 973.000 ', '2015-03-04');
INSERT INTO `tbl_barang` VALUES (190, 'MC-CL481B586 ', ' 1.001.000 ', '2015-03-04');
INSERT INTO `tbl_barang` VALUES (191, 'MC-CL300D546 ', ' 999.000 ', '2015-03-04');
INSERT INTO `tbl_barang` VALUES (192, 'MC-CL431A546 ', ' 1.149.000 ', '2015-03-04');
INSERT INTO `tbl_barang` VALUES (193, 'ES-RT30-S453 ', ' 880.000 ', '2015-03-04');
INSERT INTO `tbl_barang` VALUES (194, 'ES-ST25K751 ', ' 1.238.000 ', '2015-03-04');
INSERT INTO `tbl_barang` VALUES (195, 'ES-ST23-R751 ', ' 1.213.000 ', '2015-03-04');
INSERT INTO `tbl_barang` VALUES (196, 'ES-SL41-R453 ', '854.000 ', '2015-03-04');
INSERT INTO `tbl_barang` VALUES (197, 'ES4036S451 ', '670.000 ', '2015-03-04');
INSERT INTO `tbl_barang` VALUES (198, 'ES534DP527 ', '80.000 ', '2015-03-04');
INSERT INTO `tbl_barang` VALUES (199, 'ER2405K751 ', '837.000 ', '2015-03-04');
INSERT INTO `tbl_barang` VALUES (200, 'ER2403K701 ', '419.000 ', '2015-03-04');
INSERT INTO `tbl_barang` VALUES (201, 'ER240BP702 ', '335.000 ', '2015-03-04');
INSERT INTO `tbl_barang` VALUES (202, 'ER115KP201 ', '122.000 ', '2015-03-04');
INSERT INTO `tbl_barang` VALUES (203, 'EW-DS11-D/K/P/R', '261.000 ', '2015-03-04');
INSERT INTO `tbl_barang` VALUES (230, 'Testing', '10000', '2015-03-16');

-- --------------------------------------------------------

-- 
-- Table structure for table `tbl_penjualan`
-- 

CREATE TABLE `tbl_penjualan` (
  `id_penjualan` int(11) NOT NULL auto_increment,
  `id_barang` int(11) NOT NULL,
  `tanggal_terjual` date NOT NULL,
  `jumlah_terjual` int(11) NOT NULL,
  PRIMARY KEY  (`id_penjualan`)
) ENGINE=MyISAM  DEFAULT CHARSET=utf8 AUTO_INCREMENT=19 ;

-- 
-- Dumping data for table `tbl_penjualan`
-- 

INSERT INTO `tbl_penjualan` VALUES (1, 128, '2015-03-04', 1);
INSERT INTO `tbl_penjualan` VALUES (2, 56, '2015-03-04', 3);
INSERT INTO `tbl_penjualan` VALUES (3, 51, '2015-03-04', 5);
INSERT INTO `tbl_penjualan` VALUES (4, 60, '2015-03-04', 1);
INSERT INTO `tbl_penjualan` VALUES (5, 52, '2015-03-16', 5);
INSERT INTO `tbl_penjualan` VALUES (6, 56, '2015-03-16', 1);
INSERT INTO `tbl_penjualan` VALUES (7, 52, '2015-03-16', 2);
INSERT INTO `tbl_penjualan` VALUES (8, 52, '2015-03-16', 2);
INSERT INTO `tbl_penjualan` VALUES (9, 230, '2015-03-16', 9);
INSERT INTO `tbl_penjualan` VALUES (10, 230, '2015-03-16', 1);
INSERT INTO `tbl_penjualan` VALUES (11, 54, '2015-03-16', 1);
INSERT INTO `tbl_penjualan` VALUES (12, 54, '2015-03-16', 1);
INSERT INTO `tbl_penjualan` VALUES (13, 54, '2015-03-16', 1);
INSERT INTO `tbl_penjualan` VALUES (14, 54, '2015-03-16', 1);
INSERT INTO `tbl_penjualan` VALUES (15, 54, '2015-03-16', 1);
INSERT INTO `tbl_penjualan` VALUES (16, 155, '2015-03-16', 1);
INSERT INTO `tbl_penjualan` VALUES (17, 155, '2015-03-16', 1);
INSERT INTO `tbl_penjualan` VALUES (18, 155, '2015-03-16', 1);

-- --------------------------------------------------------

-- 
-- Table structure for table `tbl_stok`
-- 

CREATE TABLE `tbl_stok` (
  `id_barang` int(6) NOT NULL,
  `stok_barang` int(5) NOT NULL,
  `id_penjualan` int(6) NOT NULL,
  PRIMARY KEY  (`id_barang`)
) ENGINE=MyISAM DEFAULT CHARSET=utf8;

-- 
-- Dumping data for table `tbl_stok`
-- 

INSERT INTO `tbl_stok` VALUES (1, 10, 0);
INSERT INTO `tbl_stok` VALUES (2, 10, 0);
INSERT INTO `tbl_stok` VALUES (3, 10, 0);
INSERT INTO `tbl_stok` VALUES (4, 10, 0);
INSERT INTO `tbl_stok` VALUES (5, 10, 0);
INSERT INTO `tbl_stok` VALUES (6, 10, 0);
INSERT INTO `tbl_stok` VALUES (7, 10, 0);
INSERT INTO `tbl_stok` VALUES (8, 10, 0);
INSERT INTO `tbl_stok` VALUES (9, 10, 0);
INSERT INTO `tbl_stok` VALUES (10, 10, 0);
INSERT INTO `tbl_stok` VALUES (11, 10, 0);
INSERT INTO `tbl_stok` VALUES (12, 10, 0);
INSERT INTO `tbl_stok` VALUES (13, 10, 0);
INSERT INTO `tbl_stok` VALUES (14, 10, 0);
INSERT INTO `tbl_stok` VALUES (15, 10, 0);
INSERT INTO `tbl_stok` VALUES (16, 10, 0);
INSERT INTO `tbl_stok` VALUES (17, 10, 0);
INSERT INTO `tbl_stok` VALUES (18, 10, 0);
INSERT INTO `tbl_stok` VALUES (19, 10, 0);
INSERT INTO `tbl_stok` VALUES (20, 10, 0);
INSERT INTO `tbl_stok` VALUES (21, 10, 0);
INSERT INTO `tbl_stok` VALUES (22, 10, 0);
INSERT INTO `tbl_stok` VALUES (23, 10, 0);
INSERT INTO `tbl_stok` VALUES (24, 10, 0);
INSERT INTO `tbl_stok` VALUES (25, 10, 0);
INSERT INTO `tbl_stok` VALUES (26, 10, 0);
INSERT INTO `tbl_stok` VALUES (27, 10, 0);
INSERT INTO `tbl_stok` VALUES (28, 10, 0);
INSERT INTO `tbl_stok` VALUES (29, 10, 0);
INSERT INTO `tbl_stok` VALUES (30, 10, 0);
INSERT INTO `tbl_stok` VALUES (31, 10, 0);
INSERT INTO `tbl_stok` VALUES (32, 10, 0);
INSERT INTO `tbl_stok` VALUES (33, 10, 0);
INSERT INTO `tbl_stok` VALUES (34, 10, 0);
INSERT INTO `tbl_stok` VALUES (35, 10, 0);
INSERT INTO `tbl_stok` VALUES (36, 10, 0);
INSERT INTO `tbl_stok` VALUES (37, 10, 0);
INSERT INTO `tbl_stok` VALUES (39, 10, 0);
INSERT INTO `tbl_stok` VALUES (40, 10, 0);
INSERT INTO `tbl_stok` VALUES (41, 10, 0);
INSERT INTO `tbl_stok` VALUES (42, 10, 0);
INSERT INTO `tbl_stok` VALUES (43, 10, 0);
INSERT INTO `tbl_stok` VALUES (44, 10, 0);
INSERT INTO `tbl_stok` VALUES (45, 10, 0);
INSERT INTO `tbl_stok` VALUES (46, 10, 0);
INSERT INTO `tbl_stok` VALUES (47, 10, 0);
INSERT INTO `tbl_stok` VALUES (48, 10, 0);
INSERT INTO `tbl_stok` VALUES (49, 10, 0);
INSERT INTO `tbl_stok` VALUES (50, 10, 0);
INSERT INTO `tbl_stok` VALUES (52, 1, 0);
INSERT INTO `tbl_stok` VALUES (53, 10, 0);
INSERT INTO `tbl_stok` VALUES (54, 5, 0);
INSERT INTO `tbl_stok` VALUES (55, 10, 0);
INSERT INTO `tbl_stok` VALUES (56, 6, 0);
INSERT INTO `tbl_stok` VALUES (57, 10, 0);
INSERT INTO `tbl_stok` VALUES (58, 10, 0);
INSERT INTO `tbl_stok` VALUES (59, 10, 0);
INSERT INTO `tbl_stok` VALUES (60, 9, 0);
INSERT INTO `tbl_stok` VALUES (61, 10, 0);
INSERT INTO `tbl_stok` VALUES (62, 10, 0);
INSERT INTO `tbl_stok` VALUES (63, 10, 0);
INSERT INTO `tbl_stok` VALUES (64, 10, 0);
INSERT INTO `tbl_stok` VALUES (65, 10, 0);
INSERT INTO `tbl_stok` VALUES (66, 10, 0);
INSERT INTO `tbl_stok` VALUES (67, 10, 0);
INSERT INTO `tbl_stok` VALUES (68, 10, 0);
INSERT INTO `tbl_stok` VALUES (69, 10, 0);
INSERT INTO `tbl_stok` VALUES (70, 10, 0);
INSERT INTO `tbl_stok` VALUES (71, 10, 0);
INSERT INTO `tbl_stok` VALUES (72, 10, 0);
INSERT INTO `tbl_stok` VALUES (73, 10, 0);
INSERT INTO `tbl_stok` VALUES (74, 10, 0);
INSERT INTO `tbl_stok` VALUES (75, 10, 0);
INSERT INTO `tbl_stok` VALUES (76, 10, 0);
INSERT INTO `tbl_stok` VALUES (77, 10, 0);
INSERT INTO `tbl_stok` VALUES (78, 10, 0);
INSERT INTO `tbl_stok` VALUES (79, 10, 0);
INSERT INTO `tbl_stok` VALUES (80, 10, 0);
INSERT INTO `tbl_stok` VALUES (82, 10, 0);
INSERT INTO `tbl_stok` VALUES (83, 10, 0);
INSERT INTO `tbl_stok` VALUES (84, 10, 0);
INSERT INTO `tbl_stok` VALUES (85, 10, 0);
INSERT INTO `tbl_stok` VALUES (86, 10, 0);
INSERT INTO `tbl_stok` VALUES (87, 10, 0);
INSERT INTO `tbl_stok` VALUES (88, 10, 0);
INSERT INTO `tbl_stok` VALUES (89, 10, 0);
INSERT INTO `tbl_stok` VALUES (90, 10, 0);
INSERT INTO `tbl_stok` VALUES (91, 10, 0);
INSERT INTO `tbl_stok` VALUES (92, 10, 0);
INSERT INTO `tbl_stok` VALUES (93, 10, 0);
INSERT INTO `tbl_stok` VALUES (94, 10, 0);
INSERT INTO `tbl_stok` VALUES (95, 10, 0);
INSERT INTO `tbl_stok` VALUES (96, 10, 0);
INSERT INTO `tbl_stok` VALUES (97, 10, 0);
INSERT INTO `tbl_stok` VALUES (98, 10, 0);
INSERT INTO `tbl_stok` VALUES (99, 10, 0);
INSERT INTO `tbl_stok` VALUES (100, 10, 0);
INSERT INTO `tbl_stok` VALUES (101, 10, 0);
INSERT INTO `tbl_stok` VALUES (102, 10, 0);
INSERT INTO `tbl_stok` VALUES (103, 10, 0);
INSERT INTO `tbl_stok` VALUES (104, 10, 0);
INSERT INTO `tbl_stok` VALUES (105, 10, 0);
INSERT INTO `tbl_stok` VALUES (106, 10, 0);
INSERT INTO `tbl_stok` VALUES (107, 10, 0);
INSERT INTO `tbl_stok` VALUES (108, 10, 0);
INSERT INTO `tbl_stok` VALUES (109, 10, 0);
INSERT INTO `tbl_stok` VALUES (110, 10, 0);
INSERT INTO `tbl_stok` VALUES (111, 10, 0);
INSERT INTO `tbl_stok` VALUES (112, 10, 0);
INSERT INTO `tbl_stok` VALUES (113, 10, 0);
INSERT INTO `tbl_stok` VALUES (114, 10, 0);
INSERT INTO `tbl_stok` VALUES (115, 10, 0);
INSERT INTO `tbl_stok` VALUES (116, 10, 0);
INSERT INTO `tbl_stok` VALUES (117, 10, 0);
INSERT INTO `tbl_stok` VALUES (118, 10, 0);
INSERT INTO `tbl_stok` VALUES (119, 10, 0);
INSERT INTO `tbl_stok` VALUES (120, 10, 0);
INSERT INTO `tbl_stok` VALUES (121, 10, 0);
INSERT INTO `tbl_stok` VALUES (122, 10, 0);
INSERT INTO `tbl_stok` VALUES (123, 10, 0);
INSERT INTO `tbl_stok` VALUES (124, 10, 0);
INSERT INTO `tbl_stok` VALUES (125, 10, 0);
INSERT INTO `tbl_stok` VALUES (126, 10, 0);
INSERT INTO `tbl_stok` VALUES (127, 10, 0);
INSERT INTO `tbl_stok` VALUES (128, 9, 0);
INSERT INTO `tbl_stok` VALUES (129, 10, 0);
INSERT INTO `tbl_stok` VALUES (130, 10, 0);
INSERT INTO `tbl_stok` VALUES (131, 10, 0);
INSERT INTO `tbl_stok` VALUES (132, 10, 0);
INSERT INTO `tbl_stok` VALUES (133, 10, 0);
INSERT INTO `tbl_stok` VALUES (134, 10, 0);
INSERT INTO `tbl_stok` VALUES (135, 10, 0);
INSERT INTO `tbl_stok` VALUES (136, 10, 0);
INSERT INTO `tbl_stok` VALUES (137, 10, 0);
INSERT INTO `tbl_stok` VALUES (138, 10, 0);
INSERT INTO `tbl_stok` VALUES (139, 10, 0);
INSERT INTO `tbl_stok` VALUES (140, 10, 0);
INSERT INTO `tbl_stok` VALUES (141, 10, 0);
INSERT INTO `tbl_stok` VALUES (142, 10, 0);
INSERT INTO `tbl_stok` VALUES (143, 10, 0);
INSERT INTO `tbl_stok` VALUES (144, 0, 0);
INSERT INTO `tbl_stok` VALUES (145, 10, 0);
INSERT INTO `tbl_stok` VALUES (146, 10, 0);
INSERT INTO `tbl_stok` VALUES (147, 10, 0);
INSERT INTO `tbl_stok` VALUES (148, 10, 0);
INSERT INTO `tbl_stok` VALUES (149, 10, 0);
INSERT INTO `tbl_stok` VALUES (150, 10, 0);
INSERT INTO `tbl_stok` VALUES (151, 10, 0);
INSERT INTO `tbl_stok` VALUES (152, 10, 0);
INSERT INTO `tbl_stok` VALUES (153, 10, 0);
INSERT INTO `tbl_stok` VALUES (154, 10, 0);
INSERT INTO `tbl_stok` VALUES (155, 7, 0);
INSERT INTO `tbl_stok` VALUES (156, 10, 0);
INSERT INTO `tbl_stok` VALUES (157, 10, 0);
INSERT INTO `tbl_stok` VALUES (158, 10, 0);
INSERT INTO `tbl_stok` VALUES (159, 10, 0);
INSERT INTO `tbl_stok` VALUES (160, 10, 0);
INSERT INTO `tbl_stok` VALUES (161, 10, 0);
INSERT INTO `tbl_stok` VALUES (162, 10, 0);
INSERT INTO `tbl_stok` VALUES (163, 10, 0);
INSERT INTO `tbl_stok` VALUES (164, 10, 0);
INSERT INTO `tbl_stok` VALUES (165, 10, 0);
INSERT INTO `tbl_stok` VALUES (166, 10, 0);
INSERT INTO `tbl_stok` VALUES (167, 10, 0);
INSERT INTO `tbl_stok` VALUES (168, 10, 0);
INSERT INTO `tbl_stok` VALUES (169, 10, 0);
INSERT INTO `tbl_stok` VALUES (170, 10, 0);
INSERT INTO `tbl_stok` VALUES (171, 10, 0);
INSERT INTO `tbl_stok` VALUES (172, 10, 0);
INSERT INTO `tbl_stok` VALUES (173, 10, 0);
INSERT INTO `tbl_stok` VALUES (174, 10, 0);
INSERT INTO `tbl_stok` VALUES (175, 10, 0);
INSERT INTO `tbl_stok` VALUES (176, 10, 0);
INSERT INTO `tbl_stok` VALUES (177, 10, 0);
INSERT INTO `tbl_stok` VALUES (178, 10, 0);
INSERT INTO `tbl_stok` VALUES (179, 10, 0);
INSERT INTO `tbl_stok` VALUES (180, 10, 0);
INSERT INTO `tbl_stok` VALUES (181, 10, 0);
INSERT INTO `tbl_stok` VALUES (182, 10, 0);
INSERT INTO `tbl_stok` VALUES (183, 10, 0);
INSERT INTO `tbl_stok` VALUES (184, 10, 0);
INSERT INTO `tbl_stok` VALUES (185, 10, 0);
INSERT INTO `tbl_stok` VALUES (186, 10, 0);
INSERT INTO `tbl_stok` VALUES (187, 10, 0);
INSERT INTO `tbl_stok` VALUES (188, 10, 0);
INSERT INTO `tbl_stok` VALUES (189, 10, 0);
INSERT INTO `tbl_stok` VALUES (190, 10, 0);
INSERT INTO `tbl_stok` VALUES (191, 10, 0);
INSERT INTO `tbl_stok` VALUES (192, 10, 0);
INSERT INTO `tbl_stok` VALUES (193, 10, 0);
INSERT INTO `tbl_stok` VALUES (194, 10, 0);
INSERT INTO `tbl_stok` VALUES (195, 10, 0);
INSERT INTO `tbl_stok` VALUES (196, 10, 0);
INSERT INTO `tbl_stok` VALUES (197, 10, 0);
INSERT INTO `tbl_stok` VALUES (198, 10, 0);
INSERT INTO `tbl_stok` VALUES (199, 10, 0);
INSERT INTO `tbl_stok` VALUES (200, 10, 0);
INSERT INTO `tbl_stok` VALUES (201, 10, 0);
INSERT INTO `tbl_stok` VALUES (202, 10, 0);
INSERT INTO `tbl_stok` VALUES (203, 10, 0);
INSERT INTO `tbl_stok` VALUES (205, 0, 0);
INSERT INTO `tbl_stok` VALUES (230, 0, 0);
